10268,56,64,322.4417767524719
21524,127,131,419.2907223701477
39512,236,233,590.8392508029938
48589,290,307,308.3344967365265
65092,393,427,589.1201477050781
76605,465,507,402.2369246482849
89086,542,598,424.4767699241638
100005,604,672,350.69223070144653
111101,672,748,372.5034408569336
121667,735,815,340.42889285087585
133171,801,881,326.2974524497986
142405,850,944,277.5642583370209
154928,924,1018,411.3417444229126
162661,968,1070,260.6740336418152
171909,1021,1132,319.9602212905884
180496,1077,1196,311.1426348686218
191570,1144,1261,362.65442085266113
201585,1199,1338,315.8047819137573
213377,1265,1415,371.6037504673004
223419,1328,1487,354.1445405483246
234424,1393,1566,305.107280254364
243155,1445,1631,289.4410033226013
257054,1529,1729,470.35665369033813
270475,1604,1818,437.2917971611023
285212,1685,1898,421.8754930496216
300100,1783,1994,482.92362332344055
312540,1849,2066,393.1671714782715
322921,1909,2128,345.6541676521301
335255,1984,2203,432.08266830444336
345314,2040,2266,338.4382634162903
355312,2093,2320,274.0038504600525
370027,2177,2398,444.7672094106674
385025,2252,2474,368.5555029436946
402147,2359,2572,609.5681669712067
415265,2436,2650,407.63662028312683
426408,2498,2728,265.6990258693695
439363,2573,2810,405.06615138053894
449090,2629,2874,306.09279894828796
459618,2684,2942,261.75781321525574
471305,2753,3015,374.80822014808655
486573,2834,3091,436.48613238334656
496848,2889,3149,286.60704016685486
509113,2956,3216,369.34920181147754
519375,3017,3278,259.01673340797424
529052,3074,3336,313.2704029381275
542439,3148,3400,352.9338290691376
554961,3226,3473,396.2751455307007
567075,3300,3542,411.6302447319031
578412,3360,3609,310.1398022174835
590257,3420,3673,308.5683467388153
600120,3474,3730,245.90515798330307
611638,3536,3796,242.15604436397552
623181,3602,3863,355.001239836216
633647,3663,3923,284.56586652994156
643759,3723,3994,327.88920187950134
656558,3794,4070,285.4244689941406
668030,3858,4147,327.1600077152252
685736,3954,4242,495.8975741863251
694810,4011,4306,309.0602987408638
706614,4077,4377,339.2218290567398
722896,4167,4465,514.4776561260223
732999,4227,4529,319.62441873550415
754133,4347,4640,592.651777267456
764622,4408,4710,336.4995791912079
777127,4478,4789,392.4418113231659
790732,4552,4865,401.73166716098785
804447,4634,4944,347.21309065818787
822148,4728,5037,363.63565492630005
835891,4805,5115,339.4890489578247
844940,4857,5177,292.2482051849365
857124,4921,5240,265.19961190223694
870331,4987,5314,348.87895107269287
882925,5058,5383,375.87370920181274
895988,5127,5454,317.8211205005646
912387,5216,5538,466.2031629085541
921706,5264,5590,244.59139776229858
930518,5312,5653,238.91372418403625
942704,5382,5727,380.163902759552
955428,5452,5810,354.69229435920715
968423,5523,5876,339.5000091791153
983661,5604,5970,399.6867505311966
996458,5670,6046,325.5595743060112
1006238,5725,6110,307.9503448009491
1021600,5814,6197,419.72619342803955
1037394,5900,6289,379.9975138902664
1051776,5987,6382,476.33136105537415
1071519,6094,6485,449.30775982141495
1081692,6149,6550,248.20308935642242
1090997,6201,6617,268.58511233329773
1109561,6304,6725,499.00854086875916
1120934,6375,6795,298.97483122348785
1131227,6434,6866,247.3142056465149
1139673,6477,6922,211.3878035545349
1155058,6558,7016,360.69840157032013
1166272,6616,7085,296.08435106277466
1177254,6674,7155,272.14191722869873
1194633,6777,7273,511.0960765480995
1208655,6852,7378,411.45812797546387
1229830,6966,7508,545.067877292633
1244556,7053,7606,445.9604721069336
1254824,7112,7674,305.7496590614319
1268354,7194,7758,351.61604857444763
1285332,7288,7861,471.4621412754059
1299328,7362,7939,381.9289183616638
1319731,7467,8047,503.3981337547302
1331292,7537,8113,289.2261266708374
1347037,7624,8189,441.7753953933716
1360684,7700,8260,371.0683226585388
1376092,7780,8341,324.27198100090027
1391783,7862,8415,425.07528614997864
1404055,7936,8484,378.4768521785736
1415662,7997,8547,296.403475522995
1428378,8070,8609,292.23356080055237
1442318,8144,8674,395.93145775794983
1453861,8205,8739,244.68457448482513
1468662,8288,8813,302.87453585863113
1485831,8379,8902,463.6565474867821
1503043,8476,9000,419.3931096792221
1517721,8555,9080,398.79042625427246
1538655,8669,9207,495.2211630344391
1554491,8752,9297,341.10711574554443
1572402,8849,9398,406.69393944740295
1586529,8927,9484,354.55787777900696
1599439,8999,9567,345.37971019744873
1613790,9075,9646,319.5233894586563
1628429,9153,9744,395.68527564569376
1641772,9226,9827,369.3179278373718
1653966,9294,9913,300.3127739429474
1667509,9369,9998,287.07741594314575
1680978,9443,10068,348.442795753479
1696237,9528,10150,459.59583592414856
1708581,9591,10218,306.84550738334656
1726609,9685,10306,409.7269048690796
1743011,9772,10394,341.33540892601013
1765746,9890,10503,573.7541898488998
1785038,9993,10590,484.3159260749817
1797926,10063,10650,320.1021420955658
1811107,10138,10716,301.2048308849335
1832881,10262,10807,501.30108749866486
1845137,10326,10864,343.9751467704773
1858129,10394,10932,321.13463306427
1875044,10490,11006,383.9602506160736
1892587,10583,11085,481.8233872652054
1908360,10672,11168,446.4348169565201
1917066,10722,11215,236.58430099487305
1934972,10819,11300,488.18953574448824
1946759,10881,11355,343.9825590848923
1987479,11097,11523,1026.6306911706924
2005726,11193,11597,380.9522383213043
2021157,11276,11671,348.42083072662354
2035085,11353,11745,397.8837721347809
2048418,11421,11820,284.87927198410034
2070551,11540,11929,557.5691986083984
2083580,11609,11995,336.7815148830414
2093374,11665,12050,231.7254765033722
2110556,11756,12137,454.9213960170746
2127955,11845,12216,434.1157715320587
2144887,11936,12305,475.16801822185516
2159962,12020,12377,335.4390949010849
2177001,12113,12462,480.9159324169159
2190869,12191,12539,337.9243984222412
2208814,12291,12629,521.5274810791016
2217924,12339,12689,225.48605227470398
2233208,12421,12766,444.189950466156
2248892,12504,12834,453.72349762916565
2272826,12630,12931,592.8619719743729
2289946,12718,13006,379.1679017543793
2311810,12837,13094,575.885555267334
2325324,12913,13151,388.01709389686584
2342460,13008,13231,486.07691764831543
2369508,13156,13345,703.9427255392075
2386672,13253,13426,390.68180751800537
2408659,13374,13527,546.8615798950195
2417422,13424,13582,208.6865382194519
2437272,13529,13675,509.3933951854706
2461334,13653,13783,630.8219647407532
2478566,13745,13863,377.52412700653076
2497991,13849,13953,532.1597321033478
2510164,13913,14015,292.21192264556885
2528642,14013,14105,489.7151918411255
2542326,14085,14170,356.09552216529846
2561086,14188,14259,522.7582969665527
2583802,14314,14361,644.1211268901825
2604796,14421,14457,522.8024504184723
2620801,14507,14539,464.21554285287857
2635937,14588,14617,420.46667766571045
2648313,14654,14686,322.23890471458435
2662938,14734,14762,325.78867614269257
2674584,14799,14830,338.3925113081932
2690254,14881,14915,382.83903110027313
2701815,14939,14972,296.53186459839344
2714057,15004,15040,337.54831779003143
2733867,15109,15135,543.6612980365753
2754034,15214,15233,432.90891313552856
2771431,15305,15323,439.0014386177063
2782526,15367,15379,261.7254161834717
2795158,15435,15441,293.1334571838379
2807660,15502,15511,316.59283328056335
2824861,15594,15598,382.8579704761505
2838756,15673,15674,336.06256794929504
2851540,15739,15751,275.1874352693558
2867166,15821,15838,425.80027198791504
2880571,15894,15914,285.0943429470062
2902635,16010,16013,587.8725380897522
2915138,16079,16078,295.93688011169434
2932977,16172,16171,446.7443153858185
2952384,16276,16276,489.70803671330214
2965748,16343,16347,305.4881308078766
2983630,16442,16445,386.3357584476471
2998390,16520,16514,435.0762667655945
3012995,16606,16600,440.8479492664337
3046756,16781,16752,778.1867969632149
3063376,16869,16829,414.15975403785706
3075497,16941,16891,383.8561222553253
3091538,17029,16961,427.7522636651993
3106056,17114,17032,374.67825531959534
3125222,17212,17123,470.9914549589157
3138625,17283,17195,375.3363528251648
3150978,17350,17261,296.0839214324951
3166349,17431,17341,355.0711929798126
3183509,17530,17435,518.3586030006409
3204331,17640,17531,569.1011481285095
3219496,17723,17616,450.2478668689728
3229385,17779,17670,291.2230021953583
3247823,17877,17761,476.8652346134186
3259238,17941,17817,248.3552861213684
3278692,18045,17906,447.9446452856064
3295437,18134,17991,380.3774793148041
3311427,18218,18085,373.3150715827942
3325968,18295,18174,302.338360786438
3342024,18384,18270,480.4580109119415
3353735,18444,18341,314.43379282951355
3379625,18581,18480,648.1465772241354
3391649,18643,18557,304.15364813804626
3409606,18736,18661,466.2349576950073
3432529,18853,18768,530.0273599624634
3443566,18919,18829,280.69122838974
3461598,19017,18914,511.9503676891327
3476584,19106,18995,461.7344160079956
3492080,19184,19069,390.9337207078934
3508299,19274,19146,429.4323803996667
3519088,19335,19200,314.29235100746155
3539570,19448,19290,526.8374373912811
3574637,19630,19444,828.1971681118011
3589855,19709,19520,416.65564799308777
3607157,19802,19598,369.70790362358093
3633782,19943,19714,697.0045607089996
3652392,20041,19795,505.1700929403305
3671073,20140,19883,422.6963150501251
3688532,20235,19965,429.49122047424316
3702308,20307,20034,386.4705488681793
3716406,20379,20101,316.37068486213684
3730389,20455,20169,319.91505175828934
3744377,20528,20243,344.06690073013306
3761698,20624,20331,405.45386958122253
3772137,20688,20383,310.73804235458374
3789524,20780,20461,438.8699346780777
3803969,20856,20529,392.32577109336853
3819025,20943,20609,406.9382073879242
3847605,21091,20732,696.9443671703339
3867576,21200,20833,513.953017950058
3880777,21270,20897,278.6999555826187
3893984,21344,20961,297.5379021167755
3915720,21464,21061,557.1418080329895
3931240,21548,21136,406.9511024951935
3942151,21607,21189,283.24637031555176
3955952,21678,21251,334.2189311981201
3972736,21772,21325,446.35327649116516
3986138,21843,21393,319.8406081199646
4008759,21966,21486,607.0869019031525
4024820,22060,21567,477.53876066207886
4050629,22194,21668,565.453596830368
4067842,22282,21740,388.60073685646057
4100053,22456,21861,743.9115806221962
4116280,22541,21935,349.1165568828583
4142717,22679,22041,699.3343768119812
4159928,22779,22124,454.4094748497009
4176453,22871,22205,462.2124923467636
4197206,22983,22304,513.0629782676697
4215031,23081,22393,471.9440047740936
4230487,23161,22465,354.23879861831665
4244518,23235,22530,308.24325954914093
4274700,23390,22658,727.2330632209778
4294691,23501,22751,529.2114171981812
4315251,23621,22844,523.9725003242493
4328199,23696,22911,321.99786829948425
4360358,23871,23042,721.8816414475441
4374156,23938,23103,333.3180100917816
4405218,24104,23223,715.9938123226166
4422051,24191,23296,415.98295283317566
4439329,24284,23375,440.3802320957184
4455357,24368,23440,347.75909972190857
4468329,24448,23496,406.09153723716736
4484301,24540,23566,375.45681619644165
4501873,24636,23640,389.70524644851685
4528785,24777,23746,633.4152095317841
4546873,24872,23820,378.9227237701416
4568730,24993,23909,594.5300192832947
4583338,25075,23972,315.04978334903717
4602761,25178,24052,531.128632068634
4622348,25283,24130,525.1479158401489
4644543,25397,24217,602.9170327186584
4665604,25507,24299,543.0844666957855
4682213,25592,24367,447.91874742507935
4710090,25739,24476,671.9175500869751
4727582,25835,24551,438.8411841392517
4747588,25934,24634,520.5525276660919
4765188,26034,24715,417.9546971321106
4790715,26169,24819,560.3963050842285
4815147,26300,24924,564.890072196722
4860394,26534,25105,988.4861702919006
4881826,26648,25192,491.56098079681396
4898107,26733,25260,335.98820519447327
4913395,26820,25331,403.3696038722992
4926655,26892,25393,347.9371156692505
4950307,27024,25488,672.736576795578
4972627,27139,25580,488.02392578125
4988459,27234,25648,360.0185908675194
5004268,27317,25714,406.3856112957001
5029315,27442,25815,596.0682623386383
5042865,27519,25877,296.3291298151016
5058800,27605,25943,432.37039160728455
5073836,27690,26010,355.7287678718567
5087120,27760,26071,354.2895541191101
5101882,27833,26143,399.5021138191223
5120242,27929,26224,412.35014820098877
5138526,28024,26304,453.12262868881226
5162203,28148,26414,564.2204780578613
5176202,28223,26479,384.3589143753052
5206365,28378,26601,620.7854566574097
5227434,28487,26690,540.8042623996735
5255957,28639,26800,645.275918006897
5276649,28744,26855,533.8656301498413
5313555,28940,26947,853.0552821159363
5337145,29070,27013,679.9059045314789
5349008,29142,27056,340.0463469028473
5372374,29262,27131,648.7661328315735
5400989,29410,27225,704.9564065933228
5419893,29507,27292,392.75091671943665
5439329,29609,27357,462.17666840553284
5459124,29713,27424,509.8658766746521
5486036,29857,27516,741.908196926117
5504337,29951,27585,489.581459403038
5535837,30112,27689,832.3475387096405
5555132,30219,27763,490.7614583969116
5579036,30348,27841,629.8798174858093
5620455,30556,27956,1003.7287533283234
5652858,30718,28050,754.757328003645
5683180,30875,28139,779.2711338996887
5702574,30978,28194,521.8912291526794
5721262,31079,28251,554.2802195549011
5732488,31137,28293,287.24297738075256
5746296,31211,28340,306.9270693063736
5763041,31295,28391,439.5554554462433
5776089,31367,28438,322.0890300273895
5799133,31495,28517,565.6561121940613
5825617,31632,28602,568.9507808685303
5845474,31737,28670,419.1908586025238
5863495,31827,28730,439.1959002017975
5887994,31956,28805,542.0483121275902
5906483,32056,28862,545.9383418560028
5925904,32156,28918,452.7091312408447
5942302,32237,28965,381.22762393951416
5962586,32343,29022,493.41177701950073
5980675,32442,29069,433.04924154281616
6007186,32581,29134,563.2410549521446
6049146,32795,29227,973.28493309021
6098056,33047,29337,1095.7832621335983
6111506,33120,29373,284.4706861972809
6132219,33229,29429,468.5804653763771
6151883,33333,29482,460.517600774765
6169471,33427,29531,486.645455121994
6188776,33527,29584,512.213695526123
6209044,33630,29643,542.0520915985107
6223784,33705,29689,324.7488875389099
6247363,33830,29756,572.5899283885956
6266125,33931,29813,458.61857891082764
6293893,34070,29890,647.9503413438797
6333909,34283,30002,954.8619072437286
6360184,34419,30076,682.97687458992
6390436,34578,30157,677.77867603302
6462448,34942,30341,1618.994844198227
6513537,35201,30483,1316.0806901454926
6533132,35303,30546,446.8006145954132
6555721,35420,30620,512.4707899093628
6579488,35545,30701,556.9017547369003
6599111,35646,30775,495.3110367655754
6621687,35762,30847,535.8002078533173
6648996,35906,30936,651.2091524600983
6682952,36077,31035,765.6479613780975
6702439,36175,31102,458.7006764411926
6734916,36338,31197,815.2289347648621
6751642,36424,31244,429.151887178421
6770707,36522,31293,396.42746673338115
6794089,36646,31355,616.7228536605835
6810118,36731,31399,395.3999011516571
6846731,36919,31487,799.9034199714661
6870006,37039,31547,525.5117325782776
6924897,37312,31674,1182.038608789444
6943995,37410,31727,441.3917030096054
6971490,37557,31804,764.476619720459
6989496,37652,31858,423.85987281799316
7008060,37748,31914,515.4274749755859
7037044,37893,31990,700.8226066827774
7050675,37962,32027,332.2111954689026
7093090,38173,32135,905.257482290268
7116810,38296,32197,546.2817840576172
7143106,38433,32268,618.6445724964142
7162991,38539,32322,434.0693061351776
7193852,38697,32403,672.0531581640244
7210419,38790,32450,387.7339940071106
7237991,38934,32517,641.5517497062683
7291611,39198,32645,1314.4325284957886
7320920,39346,32723,770.0601966381073
7359080,39538,32818,832.8484559059143
7378285,39638,32872,468.4724488258362
7410108,39803,32953,834.1084537506104
7429808,39904,33012,510.59427785873413
7457992,40048,33089,593.9663619995117
7482341,40172,33157,646.668928861618
7506931,40305,33230,597.3764460086823
7526127,40407,33289,512.7402431964874
7582337,40693,33434,1260.2080470323563
7608034,40826,33506,636.0258016586304
7649229,41035,33623,911.0741387605667
7672983,41158,33705,605.6892156600952
7705650,41326,33805,803.4191694259644
7746308,41538,33916,922.8021509647369
7773167,41670,33995,610.7695760726929
7791740,41763,34053,515.7378392219543
7844225,42024,34209,1263.5381523370743
7874837,42177,34299,735.9985365867615
7900778,42312,34375,701.8812940120697
7922618,42429,34441,599.2287905216217
7941724,42531,34508,543.0488629341125
7980545,42729,34622,817.4848330020905
8015110,42905,34726,852.6277778148651
8037962,43019,34798,609.778552532196
8058365,43125,34865,473.9826099872589
8119056,43426,35054,1373.3423414230347
8181669,43750,35229,1521.2021856307983
8223295,43956,35353,1019.8062932491302
8251347,44096,35435,656.2721716165543
8291594,44300,35543,943.0204088687897
8305583,44374,35585,340.3975635766983
8332003,44512,35660,685.3554904460907
8371655,44710,35764,961.8827557563782
8400074,44858,35844,689.0697643756866
8412723,44926,35885,295.0600299835205
8440543,45064,35958,704.1231888830662
8474569,45241,36053,759.0655789375305
8501040,45380,36129,652.3500077724457
8528787,45523,36212,646.8178021907806
8558116,45674,36299,637.8004677295685
8587930,45821,36387,668.8290013074875
8608469,45925,36446,559.6417360901833
8638999,46082,36538,815.4752790927887
8660971,46189,36603,566.0043804645538
8686668,46321,36671,664.591111779213
8714267,46461,36744,573.7300945520401
8733711,46566,36797,508.1453540325165
8748954,46646,36845,419.27229738235474
8783807,46832,36951,879.8013011217117
8808640,46958,37023,603.7556231021881
8847926,47157,37129,987.1669044494629
8872838,47284,37203,586.1830394268036
8933005,47577,37361,1464.6816275119781
8945293,47647,37401,282.03998827934265
8973589,47786,37472,687.9076991081238
8993076,47890,37529,546.4303678870201
9010052,47980,37577,441.0748641490936
9031807,48094,37636,614.1624422073364
9044672,48158,37671,326.26479625701904
9079384,48332,37762,799.536294221878
9098156,48428,37811,516.628199338913
9149936,48692,37946,1290.804750919342
9189665,48896,38052,1022.9083211421967
9210496,49004,38115,553.7115881443024
9231211,49109,38177,525.4455018043518
9277110,49340,38299,1082.8007862567902
9305073,49483,38378,727.6477384567261
9315557,49537,38412,290.1245617866516
9351115,49715,38505,784.809711754322
9391033,49918,38615,941.313750743866
9416149,50045,38686,586.928638458252
9452261,50228,38789,845.926655292511
9479809,50377,38871,650.1013007164001
9501437,50484,38935,566.8751213550568
9555631,50755,39074,1336.6712374687195
9597798,50963,39183,1038.9332313537598
9623407,51096,39251,554.8113992214203
9635422,51158,39289,287.41161584854126
9665668,51318,39370,693.0989754796028
9716751,51584,39502,1208.5939424037933
9738456,51694,39560,439.07150745391846
9775244,51886,39657,967.6875557899475
9814588,52082,39753,998.9282647371292
9847044,52257,39840,826.7528479099274
9883144,52436,39940,768.6522010564804
9966281,52851,40163,1875.677564740181
9981992,52931,40212,418.9912065267563
10014914,53095,40307,783.8876062035561
10097892,53514,40535,1859.36083817482
10142447,53742,40674,1077.2705883979797
10181108,53929,40782,880.7964453697205
10249651,54272,40974,1667.0808672904968
10269536,54376,41035,531.9416958093643
10322061,54640,41177,1141.7128823399544
10376004,54912,41326,1228.6980302333832
10392526,54997,41379,428.2303674221039
10568642,55868,41866,4133.535578370094
10625681,56158,42028,1244.9804241657257
10648712,56275,42095,545.2978174686432
10686864,56464,42193,856.1522005796432
10714955,56618,42267,772.3073860108852
10762993,56864,42394,1063.1932213902473
10793126,57013,42478,748.1607780456543
10826608,57185,42578,861.3871276378632
10844980,57279,42635,502.19614577293396
10866137,57391,42703,581.5459558963776
10953649,57819,42951,2115.2989404201508
10972709,57919,43010,449.6274456977844
11000809,58058,43097,680.9614589214325
11022400,58176,43169,480.313259601593
11041825,58276,43238,460.39250779151917
11083095,58487,43369,998.6158132553101
11134621,58743,43510,1208.1508258581161
11161201,58903,43594,811.001261472702
11189935,59052,43678,739.4195942878723
11208507,59153,43745,430.62235856056213
11253943,59398,43865,1116.9342341423035
11308425,59668,44004,1166.7509180307388
11329788,59775,44069,541.8458533287048
11355342,59904,44146,643.8769464492798
11377139,60013,44212,557.9859545230865
11402013,60138,44285,643.1243386268616
11453197,60385,44451,1095.7317616194487
11482590,60536,44551,793.7774522304535
11529574,60771,44697,1036.927104383707
11603677,61145,44910,1645.1564192771912
11630149,61283,44991,592.3019865751266
11668633,61478,45103,820.5449868440628
11722322,61752,45262,1309.2725182771683
11744122,61870,45331,652.9351010322571
11777575,62036,45428,836.3891952037811
11812046,62212,45539,829.2537729740143
11883973,62568,45749,1621.3164277672768
11940483,62852,45934,1266.6519856452942
11965921,62980,46033,671.2070314884186
12005732,63175,46163,887.7344977855682
12021450,63254,46223,333.61695623397827
12056679,63428,46340,887.8300127983093
12078794,63535,46419,458.9545977115631
12103890,63671,46495,635.4158850908279
12139276,63856,46595,978.5194430351257
12177505,64043,46701,812.0727298259735
12207838,64196,46789,795.788106918335
12250239,64416,46896,993.8498567342758
12266457,64500,46940,440.5048990249634
12292949,64635,47010,720.4674854278564
12337181,64862,47124,1138.3507606983185
12359725,64976,47184,562.3494939804077
12394024,65147,47273,775.4102599620819
12418098,65276,47334,680.0207221508026
12499858,65674,47526,1969.277606010437
12546861,65911,47641,1047.476746469736
12607198,66212,47781,1400.6725616455078
12643792,66391,47868,911.679211139679
12670228,66528,47937,651.6742405891418
12698775,66679,48018,769.5490961074829
12753448,66956,48168,1306.8956408500671
12780948,67098,48246,717.3252918720245
12810764,67249,48331,744.0204041004181
12837101,67383,48404,647.1572672128677
12873631,67564,48499,818.5378706455231
12983828,68112,48742,2434.1688652038574
13004055,68218,48789,554.6165952682495
13060520,68501,48910,1303.846602320671
13112749,68759,49028,1292.8219237327576
13164650,69019,49149,1225.3713217675686
13183948,69113,49198,491.01992750167847
13207701,69232,49256,623.3466498851776
13229695,69344,49311,565.173823595047
13313468,69759,49504,1946.2194380760193
13337197,69878,49566,488.4456443786621
13389009,70133,49691,1236.414714217186
13454176,70459,49845,1486.57468354702
13486463,70617,49928,787.0324754714966
13552911,70945,50094,1571.7074011564255
13573583,71057,50158,571.0216963291168
13610911,71250,50262,882.7714998722076
13629118,71343,50320,472.7682981491089
13692786,71659,50489,1533.2629433870316
13740211,71901,50605,1125.5689882189035
13759990,72008,50657,614.5390336513519
13782212,72126,50732,656.3321917057037
13854190,72486,50945,1619.9191471338272
13878946,72616,51039,655.1785755753517
13943824,72937,51361,1442.3086247444153
13976492,73099,51524,828.60133934021
14007006,73252,51679,685.6021829247475
14090398,73660,52054,1968.9102334976196
14128878,73852,52268,948.5156390666962
14163164,74022,52449,810.1099724769592
14203423,74224,52590,925.8455979824066
14259717,74507,52745,1393.0004305839539
14281546,74615,52819,550.2908067703247
14310027,74761,52909,625.8758776187897
14333669,74882,52978,580.9569711685181
14381910,75121,53087,992.9944397211075
14408355,75256,53151,718.1329870223999
14426001,75353,53202,450.2532114982605
14452814,75493,53275,658.093502998352
14542695,75938,53535,2160.474681377411
14586443,76159,53657,1124.9847366809845
14629160,76377,53782,1018.956347450614
14655863,76519,53860,562.2916166782379
14700755,76741,53986,1021.3549589663744
14723776,76858,54057,534.8335995674133
14779296,77153,54312,1395.7643686532974
14808821,77305,54450,729.1400921344757
14856971,77537,54650,1090.4766420125961
14883602,77681,54793,625.4195084571838
14913240,77840,54924,785.0078392028809
14940842,77977,55041,658.3692057132721
15091656,78724,55966,3705.474969148636
15134091,78936,56220,926.2069704532623
15155625,79043,56391,548.127635717392
15254768,79549,57005,2429.2355148792267
15283243,79690,57217,734.7703602313995
15358496,80069,57638,1828.0797700881958
15490742,80723,58355,3193.4295004606247
15528179,80911,58568,779.5705473423004
15562220,81079,58763,885.9080181121826
15615829,81356,59042,1182.6939367055893
15634094,81457,59177,483.3832004070282
15679946,81687,59421,984.7964384555817
15713179,81853,59594,871.6144731044769
15822756,82394,60201,2533.144503891468
15863224,82596,60406,952.9529672861099
15936449,82972,60799,1676.6539410352707
15985579,83219,61071,1139.1356410980225
16034871,83476,61342,1278.3649580478668
16058809,83597,61495,603.2535123825073
16135290,83985,61814,1873.9083406925201
16201738,84312,62097,1643.2183105945587
16219684,84401,62183,458.55779671669006
16252939,84567,62364,838.093098282814
16295799,84781,62600,1085.299926519394
16377591,85186,62951,1970.4679752588272
16492161,85758,63395,2702.418578326702
16518202,85887,63511,669.762063741684
16548259,86038,63639,709.9361016750336
16645705,86528,63996,2224.6751901507378
16682191,86709,64133,897.3386459350586
16721734,86915,64283,847.0031877756119
16750366,87071,64389,811.7274105548859
16780435,87222,64518,733.4919040203094
16845666,87554,64768,1649.6489434242249
16876721,87715,64920,815.7299003601074
16897830,87821,65010,544.5944245308638
16927923,87976,65142,770.8172180652618
16978957,88248,65398,1235.699522972107
17092592,88812,65890,2778.079666465521
17111201,88907,65983,409.0501928329468
17130132,89007,66097,526.245724439621
17201383,89362,66530,1665.475405216217
17242316,89568,66781,935.5195746421814
17266271,89694,66931,600.3038136959076
17283761,89785,67049,446.9746015071869
17306327,89897,67204,578.7472994327545
17326497,90000,67354,429.3268361091614
17347526,90105,67543,470.64646458625793
17396886,90349,67854,1043.3616638183594
17440392,90568,68103,1070.79465341568
17529020,91007,68558,2173.678731918335
17565264,91189,68754,787.1364588737488
17645390,91594,69231,1937.5307064056396
17709056,91914,69585,1429.7425134181976
17727516,92012,69717,477.56504940986633
17768921,92230,69959,1001.2403602600098
17809319,92430,70202,856.3438730239868
17845284,92615,70445,934.1625129580498
17909531,92938,70776,1624.5573661327362
17939493,93096,70990,808.7221089042723
17991798,93356,71324,1330.469914495945
18040032,93592,71648,1218.3683747053146
18089593,93839,71916,1263.6607129573822
18151935,94160,72228,1641.0689247250557
18192309,94367,72449,977.1724939346313
18222047,94517,72619,726.2063353061676
18286690,94844,72923,1648.2207608222961
18330946,95068,73196,1078.6406531333923
18384464,95342,73621,1313.4472589492798
18488581,95876,74253,2709.3692438602448
18515706,96015,74424,655.2658143043518
18535815,96126,74545,537.8605468273163
18596108,96429,74897,1566.7630261778831
18620766,96553,75036,579.1496970653534
18653494,96724,75204,853.0019643306732
18700151,96958,75427,1171.6784894168377
18731707,97123,75570,863.376904129982
18799530,97460,75889,1557.7818608283997
18855939,97739,76163,1399.5946316719055
18874112,97835,76284,444.18530917167664
18914227,98033,76524,1019.1017467975616
18953218,98226,76812,952.330272436142
18971761,98322,76945,396.93431425094604
19037159,98656,77267,1573.2746778726578
19070351,98831,77415,906.6327857971191
19130589,99148,77807,1451.0310217142105
19185552,99425,78062,1373.1253378391266
19207373,99539,78192,578.2160601615906
19231785,99665,78330,659.3149836063385
19268502,99849,78527,969.9702842235565
19331004,100164,78787,1553.7161319255829
19412385,100565,79125,1880.861663222313
19446144,100738,79299,822.4293689727783
19479857,100911,79503,700.6586258411407
19577632,101407,79971,2238.673555135727
19670201,101875,80359,2350.528427004814
19704626,102046,80516,888.069766163826
19750183,102270,80724,1027.419193983078
19825624,102649,81049,1596.029522061348
19857783,102812,81180,722.6151257753372
19950234,103277,81520,2323.825455188751
19965902,103357,81590,437.93467116355896
19995891,103509,81724,617.6233825683594
20020985,103632,81808,638.6218280792236
20078545,103928,81973,1435.7282385583967
20118016,104138,82084,1099.4093658924103
20153394,104312,82168,731.7845364436507
20265680,104876,82453,2748.4203835725784
20324647,105167,82586,1388.7981495857239
20365315,105382,82691,1154.608952999115
20395366,105542,82789,720.1935651302338
20440035,105762,82904,1087.9492659568787
20550329,106320,83150,2590.897800922394
20597145,106555,83255,1018.1045048236847
20613397,106640,83298,432.21291983127594
20672080,106936,83428,1471.0269097089767
20795347,107562,83764,2885.2505090236664
20830520,107738,83874,929.394941329956
20859662,107884,83948,744.875883102417
20895718,108061,84047,910.2582976818085
20915432,108172,84110,528.0101327896118
20940450,108304,84189,618.1844799518585
20974659,108477,84286,856.8583312630653
21006833,108639,84386,750.673193693161
21021354,108713,84435,373.2454822063446
21049592,108856,84538,747.916265964508
21077752,108998,84672,745.7080504894257
21094939,109088,84755,430.1681852340698
21188137,109552,85051,2334.333593547344
21215046,109693,85136,700.8756170272827
21242725,109831,85210,704.2799983024597
21268926,109966,85291,607.5031313896179
21310569,110183,85421,1062.1894724965096
21342998,110341,85517,792.6976900100708
21402483,110638,85713,1358.0387952327728
21456256,110914,85871,1316.4158444404602
21482066,111047,85983,558.0417277812958
21501495,111151,86034,449.87164682149887
21585264,111571,86293,1823.580029129982
21675635,112015,86549,2177.141350746155
21723185,112248,86688,1001.8335530757904
21795133,112617,86901,1730.1106754541397
21820755,112754,87002,723.1960730552673
21878246,113051,87193,1426.1139986366034
21928903,113302,87348,1091.8335478305817
21987853,113597,87529,1382.2416989803314
22010460,113717,87611,633.6111001968384
22067253,114004,87775,1370.420459985733
22088222,114107,87853,558.8842985630035
22118512,114258,87965,828.6013202667236
22191440,114627,88153,1863.0519878268242
22223343,114791,88238,779.5855784416199
22271659,115030,88362,1171.753319144249
22299343,115166,88438,674.6015584468842
22405351,115698,88735,2652.8854048252106
22436043,115854,88816,778.1110963821411
22514178,116245,89089,1964.8110039234161
22570181,116531,89250,1444.172731757164
22678460,117074,89542,2502.1592156887054
22768519,117519,89753,2170.42764043808
22830886,117827,89908,1327.0678012371063
22867448,118009,90007,900.9647004008293
22893054,118141,90074,642.662112057209
22918737,118274,90141,645.6519565582275
22965063,118514,90260,1030.531155347824
23012699,118755,90378,1254.0808835029602
23031116,118847,90429,453.83783185482025
23069801,119042,90523,972.204005241394
23100099,119200,90603,651.6551876068115
23131086,119358,90698,709.9082237929106
23154837,119481,90789,599.1032011508942
23193332,119677,90925,825.4810435771942
23227079,119861,91052,756.5445804595947
23373540,120597,91507,3519.9549679756165
23420614,120840,91653,1063.903124332428
23447179,120984,91728,572.0440882444382
23470395,121104,91796,656.0635161399841
23513066,121321,91917,1102.6451995372772
23564064,121578,92038,1290.60790848732
23600988,121764,92134,943.3219303786755
23620102,121861,92188,513.2737355232239
23671899,122117,92343,1221.5743913650513
23693060,122224,92461,582.0295977592468
23737285,122444,92619,1080.4717309474945
23818737,122862,92920,1918.1888337135315
23851508,123029,93054,822.9777345657349
23896261,123265,93234,1140.9768780469894
23919144,123378,93331,573.2567114830017
23947529,123519,93443,643.9501752853394
24007802,123823,93646,1391.0171965062618
24057822,124071,93811,1100.8944605588913
24167788,124620,94227,2665.586941719055
24187121,124718,94314,409.93341767787933
24214695,124855,94431,723.3778882026672
24269338,125138,94637,1144.3265435695648
24292191,125256,94726,521.2374938726425
24346176,125524,94930,1285.4209609031677
24394261,125758,95103,1047.6058373451233
24462622,126097,95370,1626.34048974514
24476138,126166,95435,354.39184761047363
24490704,126244,95502,370.07227635383606
24515905,126374,95608,639.0332750082016
24566880,126637,95803,1170.0272808074951
24597111,126785,95927,623.027290225029
24648143,127045,96168,1004.6767379045486
24662152,127124,96291,445.4796357154846
24710619,127369,96534,1206.0850036144257
24738149,127513,96630,714.4850721359253
24757990,127619,96698,522.42177118361
24772996,127701,96763,424.9569013118744
24796883,127822,96854,646.1850301623344
24835495,128012,97023,833.7501577138901
24861272,128149,97164,637.0320570468903
24934189,128522,97452,1817.247797012329
24959330,128655,97551,687.1723880767822
24988130,128802,97660,642.3465025424957
25014511,128934,97761,608.8236079216003
25072797,129235,97970,1335.5306267738342
25090192,129326,98044,487.4145288467407
25143919,129592,98246,1293.8745629787445
25179244,129767,98389,924.0334658622742
25249504,130116,98656,1739.7964148521423
25296660,130366,98852,1197.4543550014496
25387918,130833,99201,2424.4695477485657
25418648,130989,99299,787.8038747310638
25518934,131485,99600,2213.274042725563
25551930,131650,99715,788.3930757939816
25645447,132117,100022,2191.1734986305237
25667487,132241,100123,632.3698425292969
25730859,132560,100361,1485.9484283924103
25749258,132655,100445,455.54831397533417
25774961,132785,100545,664.1668114438653
25789792,132858,100605,344.706223487854
25840032,133118,100762,1349.833354473114
25992894,133876,101183,3708.224784374237
26016031,134001,101254,608.9552743434906
26197701,134891,101759,4316.471457004547
26272350,135266,101978,1678.1409974694252
26296695,135388,102062,604.3987123966217
26341101,135619,102201,1005.9758290052414
26466258,136235,102593,2868.3004237413406
26487074,136341,102671,495.97414007782936
26525520,136549,102806,959.8617408275604
26559744,136723,102922,847.3212687969208
26583789,136841,103018,486.0802358984947
26620093,137033,103166,938.7245469093323
26661903,137244,103319,1030.2925742864609
26759900,137735,103634,2256.0316615104675
26825198,138068,103868,1540.2582280635834
26847750,138187,103960,467.20809149742126
26882351,138361,104088,845.6950578689575
26942449,138659,104293,1446.2097228765488
27039544,139152,104574,2256.156820654869
27072586,139323,104683,850.3238694667816
27105428,139489,104779,881.8923387527466
27266995,140283,105271,3940.2340636253357
27294560,140421,105373,640.5767035484314
27354970,140727,105578,1409.2072937488556
27393980,140920,105718,944.4195024967194
27492948,141411,106029,2213.5670377612114
27518111,141537,106119,629.0413866043091
27596802,141933,106354,1893.2627227306366
27633425,142120,106478,979.5013887882233
27699590,142448,106680,1469.5245425701141
27731453,142609,106802,772.0295122861862
27802418,142956,107046,1706.3721826076508
27824818,143075,107126,596.3977315425873
27895707,143429,107267,1620.5236158370972
27974713,143823,107412,1805.105355978012
28033479,144112,107525,1387.9306976795197
28197380,144918,107840,4048.669340133667
28214141,145004,107873,401.2958903312683
28291255,145383,107996,1921.8143982887268
28319002,145523,108050,556.5542285442352
28405079,145958,108188,2136.927051782608
28448573,146173,108258,1134.5262324810028
28484509,146354,108315,844.3379974365234
28547336,146664,108414,1529.734187811613
28574266,146807,108458,756.6430811882019
28606753,146968,108514,667.903515458107
28638619,147138,108568,756.6985054016113
28683339,147361,108637,1133.8983610868454
28701406,147455,108667,497.4861135482788
28734457,147621,108715,817.1437494754791
28759358,147747,108754,568.0280401706696
28788750,147900,108803,633.1741017103195
28883865,148365,108942,2200.456397652626
28900685,148451,108978,483.5957100391388
28919071,148543,109010,496.5044815540314
28945976,148679,109057,703.5064158439636
28966969,148791,109094,605.7428336143494
28992642,148920,109134,698.3102412223816
29036389,149146,109205,1151.2463819980621
29101048,149468,109307,1681.9488277435303
29171391,149815,109418,1669.7694191932678
29201658,149967,109470,785.4425151348114
29219784,150058,109505,422.13548040390015
29255980,150245,109573,992.4580132961273
29300719,150467,109653,1048.022742509842
29373144,150827,109790,1844.1059167385101
29390360,150916,109824,421.4721586704254
29457149,151250,109938,1672.9615352749825
29487982,151406,109995,742.1499798297882
29526873,151608,110058,956.1471104621887
29557155,151759,110103,807.9818997383118
29590670,151925,110156,682.2923188209534
29632292,152133,110217,941.9895497560501
29730523,152617,110362,2278.3524743914604
29853901,153222,110539,2984.267899990082
29890469,153411,110603,936.6889888048172
29945262,153680,110686,1257.1527333259583
29981881,153860,110742,912.4496021270752
30118668,154529,110947,3045.7756733447313
30300232,155431,111229,4538.625445604324
30359570,155736,111325,1505.1554946899414
30405647,155975,111404,1122.5214059352875
30499546,156440,111540,2233.976599574089
30526543,156588,111585,831.3043191432953
30580396,156858,111663,1443.072876572609
30635430,157146,111740,1409.2773830890656
30671383,157326,111791,946.025399684906
30708799,157511,111846,928.1555808782578
30835849,158136,112030,3073.150331258774
30885719,158385,112105,1115.080471754074
30977356,158845,112236,2100.115735411644
30995601,158936,112271,481.63854825496674
31034090,159137,112333,833.899729013443
31096010,159451,112438,1571.003029346466
31126696,159604,112488,663.6712534427643
31152407,159739,112535,737.1239094734192
31186863,159913,112591,802.9071185588837
31214315,160049,112641,591.2152915000916
31245348,160210,112700,821.7408603429794
31290473,160433,112786,988.0198135375977
31337690,160669,112865,1147.5793455839157
31370818,160838,112920,829.0220246315002
31476317,161365,113121,2610.3884476423264
31490678,161440,113157,334.30055236816406
31548351,161729,113267,1468.5526068210602
31581755,161895,113331,832.4140799045563
31660784,162293,113462,2012.5616306066513
31745393,162707,113587,2054.70956158638
31764400,162804,113622,481.98868322372437
31786419,162911,113664,534.2612881660461
31841404,163190,113758,1277.7807821035385
31970890,163831,113956,3191.015779018402
31994768,163949,113998,495.4333565235138
32017916,164071,114041,644.780190706253
32079431,164380,114134,1516.014402627945
32101945,164498,114178,595.0107967853546
32152761,164749,114259,1317.9546527862549
32331006,165635,114534,4455.529455065727
32411839,166038,114667,2059.7975409030914
32454175,166253,114741,1125.8387892246246
32473887,166351,114777,502.08230662345886
32561424,166776,114919,2055.1327245235443
32631872,167121,115032,1696.5656666755676
32683393,167376,115114,1262.1027426719666
32706085,167497,115155,506.0437695980072
32846629,168202,115374,3348.326707839966
32932960,168630,115505,2127.982850790024
33020944,169060,115636,2084.9242486953735
33122820,169567,115805,2410.7495753765106
33139830,169662,115840,456.8603988289833
33261788,170274,116047,3075.266563653946
33287080,170400,116093,640.5364558696747
33307039,170502,116136,532.4402303695679
33420764,171075,116333,2754.619352400303
33507028,171513,116476,2178.6712549328804
33602445,171984,116618,2308.615790963173
33637224,172162,116678,943.9771866798401
33733226,172646,116824,2248.324482679367
33778994,172889,116900,1041.1988430023193
33848563,173239,117010,1668.542091846466
34007732,174022,117250,3725.2098886966705
34043281,174212,117309,870.772620677948
34127743,174640,117435,2104.596285700798
34152814,174769,117483,669.2126653194427
34343634,175719,117781,4721.9589611291885
34387608,175950,117856,1134.3852338790894
34462349,176318,117971,1756.9614650011063
34662918,177318,118265,4907.967593193054
34710614,177555,118346,1159.7318875789642
34743902,177719,118402,753.0829646587372
34790897,177954,118485,1126.5824031829834
34818266,178091,118533,718.3229322433472
34930192,178667,118721,2854.7985093593597
34977816,178911,118804,1014.1683406829834
35152079,179779,119085,4296.859433352947
35203762,180044,119171,1257.6428498029709
35223231,180145,119206,518.4564054012299
35266095,180366,119279,1068.27100071311
35295704,180516,119328,788.5676407814026
35329529,180687,119379,897.3636810779572
35382844,180957,119461,1292.1767616271973
35400637,181049,119492,477.32569909095764
35424160,181171,119529,635.6219983100891
35457656,181338,119583,790.5528311729431
35512780,181613,119668,1329.835167169571
35571450,181915,119754,1576.8504617214203
35772980,182915,120062,4865.531772971153
35809923,183109,120128,999.6089172363281
35838160,183248,120180,691.8632118701935
35853797,183329,120214,446.44473218917847
35926778,183690,120342,1614.9832661151886
35994699,184027,120462,1526.768788576126
36054543,184328,120563,1503.8619233965874
36078429,184448,120610,595.420140504837
36101433,184567,120650,619.9445061683655
36174038,184933,120768,1832.540776014328
36250574,185320,120898,1939.620941877365
36281678,185474,120953,772.8119752407074
36327649,185711,121035,1186.1595981121063
36410428,186121,121169,1869.9361075162888
36469586,186435,121273,1573.4894590377808
36498659,186579,121328,650.9978374242783
36532808,186752,121388,803.2840261459351
36581648,186999,121466,1190.66854262352
36686944,187525,121620,2645.2441799640656
36719050,187688,121669,733.8256278038025
36750929,187853,121724,887.3537702560425
36765338,187932,121751,422.7536700963974
36865953,188438,121905,2594.160896062851
36910316,188662,121974,1087.4258952140808
36944737,188832,122025,739.7991824150085
36981851,189020,122086,1003.6989223957062
37109243,189657,122272,3047.532538175583
37127979,189753,122304,499.0935468673706
37158010,189906,122357,738.782078742981
37206083,190145,122449,1002.4186499118805
37242788,190335,122522,839.7252143621445
37269243,190471,122577,727.2567385435104
37334564,190799,122714,1591.7533866763115
37362170,190940,122778,729.7404041290283
37408669,191173,122875,1160.1267511844635
37455828,191411,122971,1237.504605770111
37527738,191774,123099,1871.638798236847
37616724,192214,123247,2110.127312153578
37693663,192606,123381,1870.4322710037231
37730352,192793,123445,791.9719059467316
37813277,193208,123591,1931.1311445832253
37862875,193458,123684,1129.1581790447235
37956385,193920,123846,2152.881213992834
38009544,194196,123948,1395.6268956661224
38044476,194374,124018,909.2573671340942
38162721,194951,124205,2770.965739130974
38212432,195206,124285,1326.553370475769
38226871,195285,124314,429.41694843769073
38293212,195631,124424,1542.8252049684525
38334040,195835,124488,877.4177068471909
38368105,196008,124540,812.0823171138763
38438285,196364,124647,1679.6778554916382
38487117,196611,124722,1127.7202781438828
38557136,196960,124833,1621.3639950752258
38592436,197139,124890,761.5116713047028
38667717,197511,125010,1783.747815489769
38792025,198137,125193,3141.8293023109436
38858388,198469,125300,1577.1696565151215
38890142,198627,125353,640.9822821617126
39012604,199225,125547,2923.1398735046387
39120630,199761,125728,2590.528509616852
39217384,200235,125886,2312.394732236862
39316922,200726,126040,2405.697082042694
39389231,201088,126151,1820.3894050121307
39434238,201315,126225,1028.823485136032
39491644,201606,126319,1450.1370929777622
39519580,201754,126367,748.9985101222992
39543491,201878,126411,524.854006767273
39703500,202673,126651,3970.8050587177277
39817127,203229,126834,2603.9076994657516
39881886,203553,126939,1466.0207962989807
39907004,203681,126983,542.5948046445847
40109375,204681,127286,4851.815731525421
40176489,205021,127394,1571.8188791275024
40255290,205424,127528,2031.3359348773956
40280717,205550,127576,578.4088889956474
40305803,205677,127628,524.5230708122253
40331883,205810,127678,670.2346935272217
40424269,206264,127841,2095.7545206546783
40437545,206333,127868,370.01902866363525
40515769,206727,127998,1916.9679054021835
40623377,207256,128166,2689.0914318561554
40708396,207675,128308,1990.1864268779755
40758039,207929,128386,1278.9607927799225
40894945,208604,128591,3433.9913635253906
40973965,208999,128706,1838.4827599525452
41014884,209205,128771,945.6437326669693
41088670,209573,128895,1838.1326627731323
41133522,209806,128977,1149.7370927333832
41273409,210502,129207,3390.6318753659725
41448156,211371,129480,4225.956037342548
41637424,212321,129756,4676.401206254959
41689138,212587,129835,1206.610101699829
41743557,212872,129916,1254.82719373703
41807480,213194,130014,1616.2292051315308
41887237,213589,130139,1819.499386548996
41927661,213798,130211,1022.370444059372
41962461,213971,130280,897.8670112490654
42025704,214289,130398,1540.0448234081268
42121828,214774,130570,2183.144052505493
42153100,214931,130631,673.2461245059967
42178025,215066,130686,696.7849304676056
42200747,215183,130734,600.8389103412628
42242798,215399,130816,984.6586418151855
42443728,216399,131194,4664.180640697479
42529341,216833,131377,2053.203055381775
42573056,217057,131473,1114.4877643585205
42640940,217395,131619,1654.405207157135
42771500,218050,131892,3270.1177369356155
42820952,218303,131998,1201.0146894454956
42975849,219074,132278,3710.747915148735
42986089,219129,132305,273.1850416660309
43022408,219307,132379,945.6894474029541
43044369,219422,132428,621.7717757225037
43077571,219589,132497,854.9415106773376
43111672,219769,132569,791.3584271669388
43141533,219922,132631,650.9404740333557
43218372,220306,132770,1932.3406352996826
43311792,220776,132936,2268.9129490852356
43338352,220917,132989,769.3180228471756
43431716,221380,133149,2154.3085145279765
43509745,221791,133290,1873.307256102562
43612724,222314,133468,2496.7951443810016
43642035,222466,133526,777.7583155632019
43710439,222812,133652,1569.4044933319092
43766880,223093,133755,1202.9725220799446
43818994,223356,133854,1159.9145143032074
43844379,223485,133913,640.6023952960968
43910389,223811,134037,1547.173728466034
44014836,224333,134235,2431.197509407997
44066280,224593,134363,1293.9722924232483
44103306,224776,134454,852.2135374546051
44299229,225747,134870,4839.652095794678
44314983,225834,134913,473.3461523130536
44374906,226131,135040,1441.883783340454
44412266,226322,135117,1000.8723760843277
44473805,226629,135242,1375.6965738534927
44580803,227161,135457,2695.1982169151306
44624530,227384,135553,1036.583821773529
44675231,227636,135656,1304.856038570404
44711631,227821,135735,863.8799383640289
44913263,228821,136139,4913.875931501389
44956639,229050,136232,1056.0111603736877
45020601,229373,136369,1685.3311517238617
45223284,230373,136730,4641.419159293175
45257241,230545,136795,700.7775975465775
45294022,230732,136871,920.4197862148285
45332550,230935,136955,1045.6694506406784
45431243,231428,137155,2302.0372573137283
45496994,231750,137295,1479.2810357809067
45599484,232259,137491,2358.1864792108536
45676714,232649,137641,1951.3883848190308
45751866,233023,137776,1869.8287289142609
45789737,233227,137855,1042.8641102313995
45815172,233363,137912,625.3793721795082
45953888,234050,138158,3465.0886224210262
46017293,234371,138275,1649.831913471222
46102366,234803,138435,1914.2905212044716
46142958,235013,138515,1095.061262011528
46169326,235145,138572,703.5191197395325
46343633,236000,138886,4210.773295640945
46472701,236645,139127,3237.4125792980194
46521540,236887,139246,1107.9829998016357
46579279,237179,139381,1329.9993994235992
46642533,237504,139584,1720.0284566879272
46713575,237855,139796,1703.0274198055267
46815493,238365,140092,2477.292691707611
46989596,239239,140650,4188.811363458633
47052588,239561,140881,1640.6248617172241
47139868,240000,141169,1975.3470256328583
47204643,240334,141369,1661.2635052204132
47240489,240514,141473,885.1324546337128
47273217,240686,141580,795.4145392179489
47441616,241524,142012,4030.8788932561874
47539090,242011,142271,2284.0454120635986
47566039,242154,142352,614.3292071819305
47766701,243154,142873,4973.804286956787
47834555,243492,143093,1625.9120881557465
47880807,243733,143262,1224.7257044315338
47992876,244298,143620,2691.2307971715927
48097327,244822,143951,2674.2310967445374
48139165,245031,144085,1031.3588584065437
48177415,245226,144220,850.2586486935616
48379532,246226,144846,4826.1503393650055
48432073,246506,145038,1317.858481645584
48481831,246752,145201,1277.4659066200256
48505820,246875,145286,594.8954980373383
48546157,247076,145424,1007.4413017034531
48641589,247562,145745,2405.7083513736725
48748999,248095,146114,2592.7447080612183
48797646,248336,146270,1025.6376686096191
48903230,248872,146611,2570.985307455063
49104141,249872,147224,4745.236813187599
49222852,250468,147604,2888.7247844934464
49349612,251105,148012,2922.7459161281586
49405127,251388,148196,1350.8069009780884
49567156,252200,148667,4077.631616592407
49648023,252631,148936,2060.0664145946503
49703927,252923,149127,1430.161450624466
49831144,253559,149516,3086.3427065610886
49893639,253879,149718,1582.0052282810211
